user_id,session_id,rating,category,comment,related_query,timestamp,locale,country,botresponse
U001,S001,positive,Helpful,Very helpful!,Where can I download the manual?,2024-04-01T10:32:00,en_US,US,Thank you for your positive feedback!
U002,S002,negative,Off-topic,Not what I asked for.,How do I install the compressor?,2024-04-01T11:02:00,en_GB,GB,Sorry for the confusion. We'll work to provide more relevant answers.
U003,S003,positive,Thank You,Thanks a lot!,Where's the product datasheet?,2024-04-01T11:45:00,en_US,CA,Thank you for your positive feedback!
U004,S004,negative,Poor Phrasing,The answer made no sense.,How to reset the filter?,2024-04-01T12:10:00,en_US,US,Sorry for the unclear answer. We'll try to improve our explanations.
U005,S005,positive,Excellent Service,Great support!,Is there a warranty for this product?,2024-04-01T13:05:00,en_US,AU,Thank you for your positive feedback!
U006,S006,negative,Not Specific Enough,It was too vague.,How to configure Wi-Fi?,2024-04-01T13:40:00,en_GB,GB,Sorry for being vague. We'll aim to provide more detailed answers.
U007,S007,positive,Helpful,Very clear and informative.,Where to find installation instructions?,2024-04-01T14:25:00,en_US,IN,Thank you for your positive feedback!
U008,S008,negative,Incorrect Answer,The answer was wrong.,How to pair with Bluetooth?,2024-04-01T15:00:00,en_US,US,Sorry for the incorrect answer. We'll update our information.
U009,S009,positive,Thank You,Appreciate the fast reply!,Whatâ€™s the max load capacity?,2024-04-01T15:30:00,en_US,CA,Thank you for your positive feedback!
U010,S010,negative,Too Technical,The answer was too complex.,How to clean the filter?,2024-04-01T16:00:00,en_US,AU,Sorry for the complexity. We'll try to simplify our answers.
U011,S011,positive,Helpful,Very useful information!,Where can I find the user guide?,2024-04-01T16:30:00,en_GB,GB,Thank you for your positive feedback!
U012,S012,negative,Not Relevant,This doesn't relate to my question.,How to change the battery?,2024-04-01T17:00:00,en_US,US,Sorry for the irrelevant answer. We'll strive to be more accurate.
U013,S013,positive,Excellent Service,Superb customer service!,How to track my order?,2024-04-01T17:30:00,en_US,AU,Thank you for your positive feedback!
U014,S014,negative,Confusing,The explanation was unclear.,How to set up the app?,2024-04-01T18:00:00,en_GB,GB,Sorry for the confusion. We'll clarify our instructions.
U015,S015,positive,Helpful,Very informative!,Where to find troubleshooting tips?,2024-04-01T18:30:00,en_US,IN,Thank you for your positive feedback!
U016,S016,negative,Not Helpful,Did not answer my question.,How to update the firmware?,2024-04-01T19:00:00,en_US,US,Sorry for not answering your question. We'll improve our responses.
U017,S017,positive,Thank You,Thanks for the quick response!,How to reset the device?,2024-04-01T19:30:00,en_US,CA,Thank you for your positive feedback!
U018,S018,negative,Too Long,The response was too lengthy.,How to connect to the network?,2024-04-01T20:00:00,en_US,AU,Sorry for the lengthy response. We'll be more concise.
U019,S019,positive,Helpful,Great explanation!,Where to find the installation video?,2024-04-01T20:30:00,en_GB,GB,Thank you for your positive feedback!
U020,S020,negative,Not Clear,The instructions were not clear.,How to change the settings?,2024-04-01T21:00:00,en_US,US,Sorry for the unclear instructions. We'll make them clearer.
U021,S021,positive,Excellent Service,Very satisfied with the help!,How to return the product?,2024-04-01T21:30:00,en_US,AU,Thank you for your positive feedback!
U022,S022,negative,Irrelevant,This is not related to my issue.,How to find the serial number?,2024-04-01T22:00:00,en_GB,GB,Sorry for the irrelevant answer. We'll strive to be more accurate.
U023,S023,positive,Helpful,Very useful!,Where to find the warranty information?,2024-04-01T22:30:00,en_US,IN,Thank you for your positive feedback!
U024,S024,negative,Not Satisfactory,The answer was not satisfactory.,How to change the language?,2024-04-01T23:00:00,en_US,US,Sorry for not meeting your expectations. We'll improve our answers.
U025,S025,positive,Thank You,Thanks for the assistance!,How to set up the device?,2024-04-01T23:30:00,en_US,CA,Thank you for your positive feedback!
U026,S026,negative,Not Relevant,This doesn't help with my problem.,How to check the battery status?,2024-04-02T00:00:00,en_US,AU,Sorry for the irrelevant answer. We'll strive to be more accurate.
U027,S027,positive,Helpful,Very informative!,Where to find the installation guide?,2024-04-02T00:30:00,en_GB,GB,Thank you for your positive feedback!
U028,S028,negative,Too Complicated,The instructions were too complicated.,How to connect to the app?,2024-04-02T01:00:00,en_US,US,Sorry for the complicated instructions. We'll simplify them.
U029,S029,positive,Excellent Service,Great customer support!,How to check the order status?,2024-04-02T01:30:00,en_US,AU,Thank you for your positive feedback!
U030,S030,negative,Not Helpful,Did not help with my issue.,How to reset the password?,2024-04-02T02:00:00,en_GB,GB,Sorry for not helping with your issue. We'll improve our support.
U031,S031,positive,Helpful,Very clear instructions!,Where to find the product manual?,2024-04-02T02:30:00,en_US,IN,Thank you for your positive feedback!
U032,S032,negative,Not Specific,The answer was too general.,How to set up the network?,2024-04-02T03:00:00,en_US,US,Sorry for the general answer. We'll provide more specific information.
U033,S033,positive,Thank You,Appreciate the help!,How to find the installation video?,2024-04-02T03:30:00,en_US,CA,Thank you for your positive feedback!
U034,S034,negative,Confusing,The explanation was confusing.,How to update the app?,2024-04-02T04:00:00,en_US,AU,Sorry for the confusion. We'll clarify our instructions.
U035,S035,positive,Helpful,Very useful information!,Where to find the troubleshooting guide?,2024-04-02T04:30:00,en_GB,GB,Thank you for your positive feedback!
U036,S036,negative,Not Relevant,This is not related to my question.,How to change the display settings?,2024-04-02T05:00:00,en_US,US,Sorry for the irrelevant answer. We'll strive to be more accurate.
U037,S037,positive,Excellent Service,Superb support!,How to track my shipment?,2024-04-02T05:30:00,en_US,AU,Thank you for your positive feedback!
U038,S038,negative,Not Helpful,Did not answer my question.,How to connect to Wi-Fi?,2024-04-02T06:00:00,en_GB,GB,Sorry for not answering your question. We'll improve our responses.
U039,S039,positive,Thank You,Thanks for the quick response!,How to reset the device?,2024-04-02T06:30:00,en_US,IN,Thank you for your positive feedback!
U040,S040,negative,Too Long,The response was too lengthy.,How to change the settings?,2024-04-02T07:00:00,en_US,US,Sorry for the lengthy response. We'll be more concise.
U041,S041,positive,Helpful,Great explanation!,Where to find the warranty information?,2024-04-02T07:30:00,en_US,AU,Thank you for your positive feedback!
U042,S042,negative,Not Clear,The instructions were not clear.,How to change the language?,2024-04-02T08:00:00,en_GB,GB,Sorry for the unclear instructions. We'll make them clearer.
U043,S043,positive,Excellent Service,Very satisfied with the help!,How to return the product?,2024-04-02T08:30:00,en_US,US,Thank you for your positive feedback!
U044,S044,negative,Irrelevant,This is not related to my issue.,How to find the serial number?,2024-04-02T09:00:00,en_US,AU,Sorry for the irrelevant answer. We'll strive to be more accurate.
U045,S045,positive,Helpful,Very useful!,Where to find the installation guide?,2024-04-02T09:30:00,en_GB,GB,Thank you for your positive feedback!
U046,S046,negative,Not Satisfactory,The answer was not satisfactory.,How to check the battery status?,2024-04-02T10:00:00,en_US,US,Sorry for not meeting your expectations. We'll improve our answers.
U047,S047,positive,Thank You,Thanks for the assistance!,How to set up the device?,2024-04-02T10:30:00,en_US,CA,Thank you for your positive feedback!
U048,S048,negative,Not Relevant,This doesn't help with my problem.,How to check the order status?,2024-04-02T11:00:00,en_US,AU,Sorry for the irrelevant answer. We'll strive to be more accurate.
U049,S049,positive,Helpful,Very informative!,Where to find the installation guide?,2024-04-02T11:30:00,en_GB,en_GB,Thank you for your positive feedback!
U050,S050,negative,Too Complicated,The instructions were too complicated.,How to connect to the app?,2024-04-02T12:00:00,en_US,US,Sorry for the complicated instructions. We'll simplify them.
